INSERT INTO food (id, name, image, status)
VALUES ('8220695616314210', 'Phở bò',
        'https://firebasestorage.googleapis.com/v0/b/whateat-9d316.appspot.com/o/static%2Fpho-bo.jpg?alt=media',
        'ACTIVE'),
       ('8220695616314211', 'Bún chả Hà Nội',
        'https://firebasestorage.googleapis.com/v0/b/whateat-9d316.appspot.com/o/static%2Fbun-cha-ha-noi.jpg?alt=media',
        'ACTIVE'),
       ('8220695616314212', 'Bánh mì Heo quay',
        'https://firebasestorage.googleapis.com/v0/b/whateat-9d316.appspot.com/o/static%2Fbanh-mi-heo-quay.jpg?alt=media',
        'ACTIVE'),
       ('8220695616314213', 'Gỏi cuốn tôm thịt',
        'https://firebasestorage.googleapis.com/v0/b/whateat-9d316.appspot.com/o/static%2Fgoi-cuon-tom-thit.jpg?alt=media',
        'ACTIVE'),
       ('8220695616314214', 'Bún bò Huế',
        'https://firebasestorage.googleapis.com/v0/b/whateat-9d316.appspot.com/o/static%2Fbun-bo-hue.jpg?alt=media',
        'ACTIVE'),
       ('8220695616314215', 'Bánh xèo miền Bắc',
        'https://firebasestorage.googleapis.com/v0/b/whateat-9d316.appspot.com/o/static%2Fbanh-xeo.jpg?alt=media',
        'ACTIVE'),
       ('8220695616314216', 'Miến lươn nước',
        'https://firebasestorage.googleapis.com/v0/b/whateat-9d316.appspot.com/o/static%2Fmien-luon-nuoc.jpg?alt=media',
        'ACTIVE'),
       ('8220695616314217', 'Cơm rang dưa bò',
        'https://firebasestorage.googleapis.com/v0/b/whateat-9d316.appspot.com/o/static%2Fcom-rang-dua-bo.jpg?alt=media',
        'ACTIVE'),
       ('8220695616314218', 'Chả cá Lã Vọng',
        'https://firebasestorage.googleapis.com/v0/b/whateat-9d316.appspot.com/o/static%2Fcha-ca-la-vong.jpg?alt=media',
        'ACTIVE'),
       ('8220695616314219', 'Bánh cuốn',
        'https://firebasestorage.googleapis.com/v0/b/whateat-9d316.appspot.com/o/static%2Fbanh-cuon.jpg?alt=media',
        'ACTIVE'),
       ('8220695616314220', 'Cơm tấm sườn',
        'https://firebasestorage.googleapis.com/v0/b/whateat-9d316.appspot.com/o/static%2Fcom-tam-suon.jpg?alt=media',
        'ACTIVE'),
       ('8220695616314221', 'Canh chua cá lóc + cơm',
        'https://firebasestorage.googleapis.com/v0/b/whateat-9d316.appspot.com/o/static%2Fcanh-chua-ca-loc.jpg?alt=media',
        'ACTIVE'),
       ('8220695616314222', 'Nem rán (Chả giò)',
        'https://firebasestorage.googleapis.com/v0/b/whateat-9d316.appspot.com/o/static%2Fnem-ran-cha-gio.jpg?alt=media',
        'ACTIVE'),
       ('8220695616314223', 'Bún riêu cua đồng',
        'https://firebasestorage.googleapis.com/v0/b/whateat-9d316.appspot.com/o/static%2Fbun-rieu-cua-dong.jpg?alt=media',
        'ACTIVE'),
       ('8220695616314224', 'Cơm hến',
        'https://firebasestorage.googleapis.com/v0/b/whateat-9d316.appspot.com/o/static%2Fcom-hen.jpg?alt=media',
        'ACTIVE'),
       ('8220695616314225', 'Thịt kho tàu + cơm',
        'https://firebasestorage.googleapis.com/v0/b/whateat-9d316.appspot.com/o/static%2Fthit-kho-tau.jpg?alt=media',
        'ACTIVE'),
       ('8220695616314226', 'Bún đậu mắm tôm',
        'https://firebasestorage.googleapis.com/v0/b/whateat-9d316.appspot.com/o/static%2Fbun-dau-mam-tom.jpg?alt=media',
        'ACTIVE'),
       ('8220695616314227', 'Súp măng tây cua',
        'https://firebasestorage.googleapis.com/v0/b/whateat-9d316.appspot.com/o/static%2Fsup-mang-tay-cua.jpg?alt=media',
        'ACTIVE'),
       ('8220695616314228', 'Bánh khọt',
        'https://firebasestorage.googleapis.com/v0/b/whateat-9d316.appspot.com/o/static%2Fbanh-khot.jpg?alt=media',
        'ACTIVE'),
       ('8220695616314229', 'Bánh tét',
        'https://firebasestorage.googleapis.com/v0/b/whateat-9d316.appspot.com/o/static%2Fbanh-tet.jpg?alt=media',
        'ACTIVE'),
       ('8220695616314230', 'Cá kho tộ + cơm',
        'https://firebasestorage.googleapis.com/v0/b/whateat-9d316.appspot.com/o/static%2Fca-kho-to.jpg?alt=media',
        'ACTIVE'),
       ('8220695616314231', 'Bò kho + bánh mì',
        'https://firebasestorage.googleapis.com/v0/b/whateat-9d316.appspot.com/o/static%2Fbo-kho.jpg?alt=media',
        'ACTIVE'),
       ('8220695616314232', 'Bánh canh giò heo',
        'https://firebasestorage.googleapis.com/v0/b/whateat-9d316.appspot.com/o/static%2Fbanh-canh-gio-heo.jpg?alt=media',
        'ACTIVE'),
       ('8220695616314233', 'Gà nướng muối sả',
        'https://firebasestorage.googleapis.com/v0/b/whateat-9d316.appspot.com/o/static%2Fga-nuong-muoi-sa.jpg?alt=media',
        'ACTIVE'),
       ('8220695616314234', 'Xôi mặn thập cẩm',
        'https://firebasestorage.googleapis.com/v0/b/whateat-9d316.appspot.com/o/static%2Fxoi-man-thap-cam.jpg?alt=media',
        'ACTIVE'),
       ('8220695616314235', 'Bún thịt nướng',
        'https://firebasestorage.googleapis.com/v0/b/whateat-9d316.appspot.com/o/static%2Fbun-thit-nuong.jpg?alt=media',
        'ACTIVE'),
       ('8220695616314236', 'Bánh bao nhân thịt',
        'https://firebasestorage.googleapis.com/v0/b/whateat-9d316.appspot.com/o/static%2Fbanh-bao-nhan-thit.jpg?alt=media',
        'ACTIVE'),
       ('8220695616314237', 'Phá lấu bò + mì',
        'https://firebasestorage.googleapis.com/v0/b/whateat-9d316.appspot.com/o/static%2Fpha-lau-bo.jpg?alt=media',
        'ACTIVE'),
       ('8220695616314238', 'Hủ tiếu xương heo',
        'https://firebasestorage.googleapis.com/v0/b/whateat-9d316.appspot.com/o/static%2Fhu-tieu-xuong-heo.jpg?alt=media',
        'ACTIVE'),
       ('8220695616314239', 'Bánh chưng',
        'https://firebasestorage.googleapis.com/v0/b/whateat-9d316.appspot.com/o/static%2Fbanh-chung.jpg?alt=media',
        'ACTIVE'),
       ('8220695616314240', 'Lẩu Thái chua cay',
        'https://firebasestorage.googleapis.com/v0/b/whateat-9d316.appspot.com/o/static%2Flau-thai-chua-cay.jpg?alt=media',
        'ACTIVE'),
       ('8220695616314241', 'Bánh bèo chén',
        'https://firebasestorage.googleapis.com/v0/b/whateat-9d316.appspot.com/o/static%2Fbanh-beo-chen.jpg?alt=media',
        'ACTIVE');

INSERT INTO tag (id, name, type)
VALUES ('8249621801620186', 'Nước', 'FORM'),
       ('8249621801620187', 'Khô', 'FORM'),
       ('8249621801620188', 'Đồ sống', 'FORM'),
       ('8249621801620189', 'Súp/Canh', 'FORM'),
       ('8249621801620190', 'Nóng', 'TEMPERATURE'),
       ('8249621801620191', 'Lạnh', 'TEMPERATURE'),
       ('8249621801620192', 'Ngọt', 'FLAVOUR'),
       ('8249621801620193', 'Mặn', 'FLAVOUR'),
       ('8249621801620194', 'Chua', 'FLAVOUR'),
       ('8249621801620195', 'Đắng', 'FLAVOUR'),
       ('8249621801620196', 'Cay', 'FLAVOUR'),
       ('8249621801620197', 'Umami (Ngọt thịt)', 'FLAVOUR'),
       ('8249621801620198', 'Luộc', 'COOKING_METHOD'),
       ('8249621801620199', 'Nướng', 'COOKING_METHOD'),
       ('8249621801620200', 'Chiên/Rán', 'COOKING_METHOD'),
       ('8249621801620201', 'Ram/Rang', 'COOKING_METHOD'),
       ('8249621801620202', 'Hấp/Chưng', 'COOKING_METHOD'),
       ('8249621801620203', 'Kho', 'COOKING_METHOD'),
       ('8249621801620204', 'Rim', 'COOKING_METHOD'),
       ('8249621801620205', 'Xào', 'COOKING_METHOD'),
       ('8249621801620206', 'Muối chua', 'COOKING_METHOD'),
       ('8249621801620207', 'Gỏi', 'COOKING_METHOD'),
       ('8249621801620208', 'Nhúng', 'COOKING_METHOD'),
       ('8249621801620209', 'Không Gluten', 'DIETARY'),
       ('8249621801620210', 'Không Đậu/Hạt', 'DIETARY'),
       ('8249621801620211', 'Không Sữa', 'DIETARY'),
       ('8249621801620212', 'Không Trứng', 'DIETARY'),
       ('8249621801620213', 'Không Đậu nành', 'DIETARY'),
       ('8249621801620214', 'Không Cá/Hải sản', 'DIETARY'),
       ('8249621801620215', 'Không Động vật có Vỏ', 'DIETARY'),
       ('8249621801620216', 'Không Đậu phộng', 'DIETARY'),
       ('8249621801620217', 'Không Dầu mè', 'DIETARY'),
       ('8249621801620218', 'Halal - Hồi giáo', 'DIETARY'),
       ('8249621801620219', 'Kosher - Do Thái', 'DIETARY'),
       ('8249621801620220', 'Hindu - Ấn Độ giáo', 'DIETARY'),
       ('8249621801620221', 'Ăn chay', 'DIETARY'),
       ('8249621801620222', 'Thuần chay', 'DIETARY'),
       ('8249621801620223', 'Ít Carb', 'DIETARY'),
       ('8249621801620224', 'Keto', 'DIETARY'),
       ('8249621801620225', 'Paleo', 'DIETARY'),
       ('8249621801620226', 'Ít Natri', 'DIETARY'),
       ('8249621801620227', 'Ít béo', 'DIETARY'),
       ('8249621801620228', 'Ít calo', 'DIETARY'),
       ('8249621801620229', 'Ít đường', 'DIETARY'),
       ('8249621801620230', 'Whole30', 'DIETARY'),
       ('8249621801620231', 'FODMAP', 'DIETARY'),
       ('8249621801620232', 'AIP', 'DIETARY'),
       ('8249621801620233', 'Bò', 'INGREDIENT'),
       ('8249621801620234', 'Heo', 'INGREDIENT'),
       ('8249621801620235', 'Gà', 'INGREDIENT'),
       ('8249621801620236', 'Cá', 'INGREDIENT'),
       ('8249621801620237', 'Ốc/Sò', 'INGREDIENT'),
       ('8249621801620238', 'Tôm', 'INGREDIENT'),
       ('8249621801620239', 'Cua', 'INGREDIENT'),
       ('8249621801620240', 'Vịt/Ngan', 'INGREDIENT'),
       ('8249621801620241', 'Ngỗng', 'INGREDIENT'),
       ('8249621801620242', 'Cà chua', 'INGREDIENT'),
       ('8249621801620243', 'Cà rốt', 'INGREDIENT'),
       ('8249621801620244', 'Cải bắp (bắp cải)', 'INGREDIENT'),
       ('8249621801620245', 'Súp lơ xanh (bông cải xanh)', 'INGREDIENT'),
       ('8249621801620246', 'Súp lơ trắng (bông cải trắng)', 'INGREDIENT'),
       ('8249621801620247', 'Rau diếp (xà lách)', 'INGREDIENT'),
       ('8249621801620248', 'Dưa leo (chuột)', 'INGREDIENT'),
       ('8249621801620249', 'Tỏi', 'INGREDIENT'),
       ('8249621801620250', 'Khoai tây', 'INGREDIENT'),
       ('8249621801620251', 'Ngô (bắp)', 'INGREDIENT'),
       ('8249621801620252', 'Đậu Hà Lan (đậu xanh)', 'INGREDIENT'),
       ('8249621801620253', 'Bí đỏ', 'INGREDIENT'),
       ('8249621801620254', 'Bí ngô', 'INGREDIENT'),
       ('8249621801620255', 'Bí xanh', 'INGREDIENT'),
       ('8249621801620256', 'Cần tây', 'INGREDIENT'),
       ('8249621801620257', 'Rau chân vịt (rau bina)', 'INGREDIENT'),
       ('8249621801620258', 'Rau mồng tơi', 'INGREDIENT'),
       ('8249621801620259', 'Rau muống', 'INGREDIENT'),
       ('8249621801620260', 'Rau cải xoăn (kale)', 'INGREDIENT'),
       ('8249621801620261', 'Cải thìa', 'INGREDIENT'),
       ('8249621801620262', 'Rau cần', 'INGREDIENT'),
       ('8249621801620263', 'Ớt chuông', 'INGREDIENT'),
       ('8249621801620264', 'Ớt cay', 'INGREDIENT'),
       ('8249621801620265', 'Củ cải đỏ', 'INGREDIENT'),
       ('8249621801620266', 'Củ cải trắng', 'INGREDIENT'),
       ('8249621801620267', 'Củ năng', 'INGREDIENT'),
       ('8249621801620268', 'Nấm', 'INGREDIENT'),
       ('8249621801620269', 'Khoai lang', 'INGREDIENT'),
       ('8249621801620270', 'Đậu bắp', 'INGREDIENT'),
       ('8249621801620271', 'Đậu phộng', 'INGREDIENT'),
       ('8249621801620272', 'Củ sắn (khoai mì)', 'INGREDIENT'),
       ('8249621801620273', 'Măng tây', 'INGREDIENT'),
       ('8249621801620274', 'Măng', 'INGREDIENT'),
       ('8249621801620275', 'Bắp cải tím', 'INGREDIENT'),
       ('8249621801620276', 'Củ đậu (đậu rồng)', 'INGREDIENT'),
       ('8249621801620277', 'Hành lá', 'INGREDIENT'),
       ('8249621801620278', 'Rau thì là', 'INGREDIENT'),
       ('8249621801620279', 'Rau húng quế', 'INGREDIENT'),
       ('8249621801620280', 'Lòng', 'INGREDIENT'),
       ('8249621801620281', 'Rau dền', 'INGREDIENT'),
       ('8249621801620282', 'Rau dền gai', 'INGREDIENT'),
       ('8249621801620283', 'Rau đay', 'INGREDIENT'),
       ('8249621801620284', 'Rau ngót', 'INGREDIENT'),
       ('8249621801620285', 'Rau má', 'INGREDIENT'),
       ('8249621801620286', 'Rau bạc hà', 'INGREDIENT'),
       ('8249621801620287', 'Vừng đen (Mè đen)', 'INGREDIENT'),
       ('8249621801620288', 'Vừng trắng (Mè trắng)', 'INGREDIENT'),
       ('8249621801620289', 'Chanh', 'INGREDIENT'),
       ('8249621801620290', 'Chanh dây', 'INGREDIENT'),
       ('8249621801620291', 'Tắc', 'INGREDIENT'),
       ('8249621801620292', 'Rong biển', 'INGREDIENT'),
       ('8249621801620293', 'Mướp đắng (Khổ qua)', 'INGREDIENT'),
       ('8249621801620294', 'Cà tím', 'INGREDIENT'),
       ('8249621801620295', 'Hành tây', 'INGREDIENT'),
       ('8249621801620296', 'Rau mùi (Ngò rí)', 'INGREDIENT'),
       ('8249621801620297', 'Chao', 'INGREDIENT'),
       ('8249621801620298', 'Hẹ', 'INGREDIENT'),
       ('8249621801620299', 'Lá lốt', 'INGREDIENT'),
       ('8249621801620300', 'Rau càng cua', 'INGREDIENT'),
       ('8249621801620301', 'Bánh tráng', 'INGREDIENT'),
       ('8249621801620302', 'Sa tế', 'INGREDIENT'),
       ('8249621801620303', 'Giá đỗ', 'INGREDIENT'),
       ('8249621801620304', 'Lươn', 'INGREDIENT'),
       ('8249621801620305', 'Rau răm', 'INGREDIENT'),
       ('8249621801620306', 'Xì dầu', 'INGREDIENT'),
       ('8249621801620307', 'Giấm', 'INGREDIENT'),
       ('8249621801620308', 'Nấu tại nhà', 'INGREDIENT'),
       ('8249621801620309', 'Riềng', 'INGREDIENT'),
       ('8249621801620310', 'Nghệ', 'INGREDIENT'),
       ('8249621801620311', 'Tinh bột', 'INGREDIENT'),
       ('8249621801620312', 'Mẻ chua', 'INGREDIENT'),
       ('8249621801620313', 'Mực', 'INGREDIENT'),
       ('8249621801620314', 'Nước mắm', 'INGREDIENT'),
       ('8249621801620315', 'Mắm tôm', 'INGREDIENT'),
       ('8249621801620316', 'Sả', 'INGREDIENT'),
       ('8249621801620317', 'Ngũ vị hương', 'INGREDIENT'),
       ('8249621801620318', 'Trứng', 'INGREDIENT'),
       ('8249621801620319', 'Rau thơm', 'INGREDIENT'),
       ('8249621801620320', 'Bột cà ri', 'INGREDIENT'),
       ('8249621801620321', 'Nước cốt dừa', 'INGREDIENT'),
       ('8249621801620322', 'Nước tương', 'INGREDIENT'),
       ('8249621801620323', 'Rau ngò gai', 'INGREDIENT'),
       ('8249621801620324', 'Hành tím', 'INGREDIENT'),
       ('8249621801620325', 'Bột năng', 'INGREDIENT'),
       ('8249621801620326', 'Lòng trắng trứng', 'INGREDIENT'),
       ('8249621801620327', 'Dầu mè', 'INGREDIENT'),
       ('8249621801620328', 'Nấm mèo', 'INGREDIENT'),
       ('8249621801620329', 'Bột nghệ', 'INGREDIENT'),
       ('8249621801620330', 'Nước dừa', 'INGREDIENT'),
       ('8249621801620331', 'Rau cải bẹ xanh', 'INGREDIENT'),
       ('8249621801620332', 'Rau diếp cá', 'INGREDIENT'),
       ('8249621801620333', 'Hến', 'INGREDIENT'),
       ('8249621801620334', 'Dầu hào', 'INGREDIENT'),
       ('8249621801620335', 'Tương ớt', 'INGREDIENT'),
       ('8249621801620336', 'Nước màu hạt điều', 'INGREDIENT'),
       ('8249621801620337', 'Đu đủ', 'INGREDIENT'),
       ('8249621801620338', 'Bột nở', 'INGREDIENT'),
       ('8249621801620339', 'Gạo nếp', 'INGREDIENT'),
       ('8249621801620340', 'Mắm ruốc', 'INGREDIENT'),
       ('8249621801620341', 'Đậu que', 'INGREDIENT'),
       ('8249621801620342', 'Nghêu', 'INGREDIENT'),
       ('8249621801620343', 'Hành phi', 'INGREDIENT'),
       ('8249621801620344', 'Lạp xưởng', 'INGREDIENT'),
       ('8249621801620345', 'Ốc', 'INGREDIENT'),
       ('8249621801620346', 'Chà bông gà', 'INGREDIENT'),
       ('8249621801620347', 'Bánh phở', 'INGREDIENT'),
       ('8249621801620348', 'Gừng', 'INGREDIENT'),
       ('8249621801620349', 'Quế', 'INGREDIENT'),
       ('8249621801620350', 'Hoa hồi', 'INGREDIENT'),
       ('8249621801620351', 'Đinh hương', 'INGREDIENT'),
       ('8249621801620352', 'Hạt ngò', 'INGREDIENT'),
       ('8249621801620353', 'Bún tươi', 'INGREDIENT'),
       ('8249621801620354', 'Mật ong', 'INGREDIENT'),
       ('8249621801620355', 'Bánh mì', 'INGREDIENT'),
       ('8249621801620356', 'Tương đen', 'INGREDIENT'),
       ('8249621801620357', 'Sợi bún to', 'INGREDIENT'),
       ('8249621801620358', 'Dầu điều', 'INGREDIENT'),
       ('8249621801620359', 'Hoa chuối', 'INGREDIENT'),
       ('8249621801620360', 'Bột bánh xèo', 'INGREDIENT'),
       ('8249621801620361', 'Nấm hương', 'INGREDIENT'),
       ('8249621801620362', 'Bia', 'INGREDIENT'),
       ('8249621801620363', 'Sợi miến', 'INGREDIENT'),
       ('8249621801620364', 'Bột bắp', 'INGREDIENT'),
       ('8249621801620365', 'Cơm', 'INGREDIENT'),
       ('8249621801620366', 'Bột gạo', 'INGREDIENT'),
       ('8249621801620367', 'Tía tô', 'INGREDIENT'),
       ('8249621801620368', 'Cơm tấm', 'INGREDIENT'),
       ('8249621801620369', 'Bánh đa nem', 'INGREDIENT'),
       ('8249621801620370', 'Mộc nhĩ', 'INGREDIENT'),
       ('8249621801620371', 'Lòng đỏ trứng', 'INGREDIENT'),
       ('8249621801620372', 'Xúc xích', 'INGREDIENT'),
       ('8249621801620373', 'Lòng bò', 'INGREDIENT'),
       ('8249621801620374', 'Tốp mỡ', 'INGREDIENT'),
       ('8249621801620375', 'Thảo quả', 'INGREDIENT'),
       ('8249621801620376', 'Dầu ăn', 'INGREDIENT'),
       ('8249621801620377', 'Dứa', 'INGREDIENT'),
       ('8249621801620378', 'Me', 'INGREDIENT'),
       ('8249621801620379', 'Đậu hũ', 'INGREDIENT'),
       ('8249621801620380', 'Khế', 'INGREDIENT'),
       ('8249621801620381', 'Rau kinh giới', 'INGREDIENT'),
       ('8249621801620382', 'Rượu', 'INGREDIENT'),
       ('8249621801620383', 'Bột chiên giòn', 'INGREDIENT'),
       ('8249621801620384', 'Đậu Hà Lan (đậu xanh)', 'INGREDIENT'),
       ('8249621801620385', 'Hạt điều', 'INGREDIENT'),
       ('8249621801620386', 'Sợi bánh canh', 'INGREDIENT'),
       ('8249621801620387', 'Lá giang', 'INGREDIENT'),
       ('8249621801620388', 'Bột bánh bao', 'INGREDIENT'),
       ('8249621801620389', 'Sữa', 'INGREDIENT'),
       ('8249621801620390', 'Sợi hủ tiếu', 'INGREDIENT'),
       ('8249621801620391', 'Nước hầm gà', 'INGREDIENT'),
       ('8249621801620392', 'Lá mùi tàu', 'INGREDIENT'),
       ('8249621801620393', 'Lá chanh', 'INGREDIENT'),
       ('8249621801620394', 'Bột mì', 'INGREDIENT');

INSERT INTO food_tag (id, food_id, tag_id, status)
VALUES ('8221454110055576', '8220695616314210', '8249621801620186', 'ACTIVE'),
       ('8221454110055577', '8220695616314210', '8249621801620190', 'ACTIVE'),
       ('8221454110055578', '8220695616314210', '8249621801620233', 'ACTIVE'),
       ('8221454110055579', '8220695616314210', '8249621801620277', 'ACTIVE'),
       ('8221454110055580', '8220695616314210', '8249621801620289', 'ACTIVE'),
       ('8221454110055581', '8220695616314210', '8249621801620295', 'ACTIVE'),
       ('8221454110055582', '8220695616314210', '8249621801620324', 'ACTIVE'),
       ('8221454110055583', '8220695616314210', '8249621801620277', 'ACTIVE'),
       ('8221454110055584', '8220695616314210', '8249621801620296', 'ACTIVE'),
       ('8221454110055585', '8220695616314210', '8249621801620303', 'ACTIVE'),
       ('8221454110055586', '8220695616314210', '8249621801620347', 'ACTIVE'),
       ('8221454110055587', '8220695616314210', '8249621801620348', 'ACTIVE'),
       ('8221454110055588', '8220695616314210', '8249621801620349', 'ACTIVE'),
       ('8221454110055589', '8220695616314210', '8249621801620375', 'ACTIVE'),
       ('8221454110055590', '8220695616314210', '8249621801620350', 'ACTIVE'),
       ('8221454110055591', '8220695616314210', '8249621801620351', 'ACTIVE'),
       ('8221454110055592', '8220695616314210', '8249621801620352', 'ACTIVE'),
       ('8221454110055593', '8220695616314210', '8249621801620314', 'ACTIVE'),
       ('8221454110055594', '8220695616314211', '8249621801620186', 'ACTIVE'),
       ('8221454110055595', '8220695616314211', '8249621801620190', 'ACTIVE'),
       ('8221454110055596', '8220695616314211', '8249621801620193', 'ACTIVE'),
       ('8221454110055597', '8220695616314211', '8249621801620234', 'ACTIVE'),
       ('8221454110055598', '8220695616314211', '8249621801620353', 'ACTIVE'),
       ('8221454110055599', '8220695616314211', '8249621801620314', 'ACTIVE'),
       ('8221454110055600', '8220695616314211', '8249621801620337', 'ACTIVE'),
       ('8221454110055601', '8220695616314211', '8249621801620243', 'ACTIVE'),
       ('8221454110055602', '8220695616314211', '8249621801620199', 'ACTIVE'),
       ('8221454110055603', '8220695616314211', '8249621801620324', 'ACTIVE'),
       ('8221454110055604', '8220695616314211', '8249621801620249', 'ACTIVE'),
       ('8221454110055605', '8220695616314211', '8249621801620334', 'ACTIVE'),
       ('8221454110055606', '8220695616314211', '8249621801620354', 'ACTIVE'),
       ('8221454110055607', '8220695616314211', '8249621801620336', 'ACTIVE'),
       ('8221454110055608', '8220695616314211', '8249621801620307', 'ACTIVE'),
       ('8221454110055609', '8220695616314211', '8249621801620376', 'ACTIVE'),
       ('8221454110055610', '8220695616314212', '8249621801620187', 'ACTIVE'),
       ('8221454110055611', '8220695616314212', '8249621801620355', 'ACTIVE'),
       ('8221454110055612', '8220695616314212', '8249621801620234', 'ACTIVE'),
       ('8221454110055613', '8220695616314212', '8249621801620305', 'ACTIVE'),
       ('8221454110055614', '8220695616314212', '8249621801620248', 'ACTIVE'),
       ('8221454110055615', '8220695616314212', '8249621801620243', 'ACTIVE'),
       ('8221454110055616', '8220695616314212', '8249621801620337', 'ACTIVE'),
       ('8221454110055617', '8220695616314212', '8249621801620264', 'ACTIVE'),
       ('8221454110055618', '8220695616314213', '8249621801620187', 'ACTIVE'),
       ('8221454110055619', '8220695616314213', '8249621801620247', 'ACTIVE'),
       ('8221454110055620', '8220695616314213', '8249621801620234', 'ACTIVE'),
       ('8221454110055621', '8220695616314213', '8249621801620238', 'ACTIVE'),
       ('8221454110055622', '8220695616314213', '8249621801620298', 'ACTIVE'),
       ('8221454110055623', '8220695616314213', '8249621801620303', 'ACTIVE'),
       ('8221454110055624', '8220695616314213', '8249621801620249', 'ACTIVE'),
       ('8221454110055625', '8220695616314213', '8249621801620248', 'ACTIVE'),
       ('8221454110055626', '8220695616314213', '8249621801620324', 'ACTIVE'),
       ('8221454110055627', '8220695616314213', '8249621801620319', 'ACTIVE'),
       ('8221454110055628', '8220695616314213', '8249621801620264', 'ACTIVE'),
       ('8221454110055629', '8220695616314213', '8249621801620353', 'ACTIVE'),
       ('8221454110055630', '8220695616314213', '8249621801620193', 'ACTIVE'),
       ('8221454110055631', '8220695616314213', '8249621801620301', 'ACTIVE'),
       ('8221454110055632', '8220695616314213', '8249621801620271', 'ACTIVE'),
       ('8221454110055633', '8220695616314213', '8249621801620356', 'ACTIVE'),
       ('8221454110055634', '8220695616314214', '8249621801620186', 'ACTIVE'),
       ('8221454110055635', '8220695616314214', '8249621801620357', 'ACTIVE'),
       ('8221454110055636', '8220695616314214', '8249621801620233', 'ACTIVE'),
       ('8221454110055637', '8220695616314214', '8249621801620234', 'ACTIVE'),
       ('8221454110055638', '8220695616314214', '8249621801620358', 'ACTIVE'),
       ('8221454110055639', '8220695616314214', '8249621801620316', 'ACTIVE'),
       ('8221454110055640', '8220695616314214', '8249621801620249', 'ACTIVE'),
       ('8221454110055641', '8220695616314214', '8249621801620277', 'ACTIVE'),
       ('8221454110055642', '8220695616314214', '8249621801620348', 'ACTIVE'),
       ('8221454110055643', '8220695616314214', '8249621801620340', 'ACTIVE'),
       ('8221454110055644', '8220695616314214', '8249621801620295', 'ACTIVE'),
       ('8221454110055645', '8220695616314214', '8249621801620303', 'ACTIVE'),
       ('8221454110055646', '8220695616314214', '8249621801620279', 'ACTIVE'),
       ('8221454110055647', '8220695616314214', '8249621801620359', 'ACTIVE'),
       ('8221454110055648', '8220695616314214', '8249621801620289', 'ACTIVE'),
       ('8221454110055649', '8220695616314215', '8249621801620187', 'ACTIVE'),
       ('8221454110055650', '8220695616314215', '8249621801620360', 'ACTIVE'),
       ('8221454110055651', '8220695616314215', '8249621801620234', 'ACTIVE'),
       ('8221454110055652', '8220695616314215', '8249621801620248', 'ACTIVE'),
       ('8221454110055653', '8220695616314215', '8249621801620277', 'ACTIVE'),
       ('8221454110055654', '8220695616314215', '8249621801620361', 'ACTIVE'),
       ('8221454110055655', '8220695616314215', '8249621801620295', 'ACTIVE'),
       ('8221454110055656', '8220695616314215', '8249621801620238', 'ACTIVE'),
       ('8221454110055657', '8220695616314215', '8249621801620303', 'ACTIVE'),
       ('8221454110055658', '8220695616314215', '8249621801620200', 'ACTIVE'),
       ('8221454110055659', '8220695616314215', '8249621801620277', 'ACTIVE'),
       ('8221454110055660', '8220695616314215', '8249621801620314', 'ACTIVE'),
       ('8221454110055661', '8220695616314215', '8249621801620318', 'ACTIVE'),
       ('8221454110055662', '8220695616314215', '8249621801620264', 'ACTIVE'),
       ('8221454110055663', '8220695616314215', '8249621801620324', 'ACTIVE'),
       ('8221454110055664', '8220695616314215', '8249621801620249', 'ACTIVE'),
       ('8221454110055665', '8220695616314215', '8249621801620289', 'ACTIVE'),
       ('8221454110055666', '8220695616314215', '8249621801620329', 'ACTIVE'),
       ('8221454110055667', '8220695616314215', '8249621801620307', 'ACTIVE'),
       ('8221454110055668', '8220695616314215', '8249621801620362', 'ACTIVE'),
       ('8221454110055669', '8220695616314215', '8249621801620376', 'ACTIVE'),
       ('8221454110055670', '8220695616314216', '8249621801620186', 'ACTIVE'),
       ('8221454110055671', '8220695616314216', '8249621801620363', 'ACTIVE'),
       ('8221454110055672', '8220695616314216', '8249621801620190', 'ACTIVE'),
       ('8221454110055673', '8220695616314216', '8249621801620304', 'ACTIVE'),
       ('8221454110055674', '8220695616314216', '8249621801620295', 'ACTIVE'),
       ('8221454110055675', '8220695616314216', '8249621801620364', 'ACTIVE'),
       ('8221454110055676', '8220695616314216', '8249621801620303', 'ACTIVE'),
       ('8221454110055677', '8220695616314216', '8249621801620289', 'ACTIVE'),
       ('8221454110055678', '8220695616314216', '8249621801620277', 'ACTIVE'),
       ('8221454110055679', '8220695616314216', '8249621801620324', 'ACTIVE'),
       ('8221454110055680', '8220695616314216', '8249621801620307', 'ACTIVE'),
       ('8221454110055681', '8220695616314216', '8249621801620305', 'ACTIVE'),
       ('8221454110055682', '8220695616314216', '8249621801620314', 'ACTIVE'),
       ('8221454110055683', '8220695616314216', '8249621801620264', 'ACTIVE'),
       ('8221454110055684', '8220695616314216', '8249621801620376', 'ACTIVE'),
       ('8221454110055685', '8220695616314217', '8249621801620187', 'ACTIVE'),
       ('8221454110055686', '8220695616314217', '8249621801620193', 'ACTIVE'),
       ('8221454110055687', '8220695616314217', '8249621801620233', 'ACTIVE'),
       ('8221454110055688', '8220695616314217', '8249621801620365', 'ACTIVE'),
       ('8221454110055689', '8220695616314217', '8249621801620331', 'ACTIVE'),
       ('8221454110055690', '8220695616314217', '8249621801620249', 'ACTIVE'),
       ('8221454110055691', '8220695616314217', '8249621801620264', 'ACTIVE'),
       ('8221454110055692', '8220695616314217', '8249621801620277', 'ACTIVE'),
       ('8221454110055693', '8220695616314217', '8249621801620201', 'ACTIVE'),
       ('8221454110055694', '8220695616314217', '8249621801620206', 'ACTIVE'),
       ('8221454110055695', '8220695616314217', '8249621801620318', 'ACTIVE'),
       ('8221454110055696', '8220695616314217', '8249621801620327', 'ACTIVE'),
       ('8221454110055697', '8220695616314217', '8249621801620334', 'ACTIVE'),
       ('8221454110055698', '8220695616314217', '8249621801620376', 'ACTIVE'),
       ('8221454110055699', '8220695616314218', '8249621801620187', 'ACTIVE'),
       ('8221454110055700', '8220695616314218', '8249621801620324', 'ACTIVE'),
       ('8221454110055701', '8220695616314218', '8249621801620348', 'ACTIVE'),
       ('8221454110055702', '8220695616314218', '8249621801620236', 'ACTIVE'),
       ('8221454110055703', '8220695616314218', '8249621801620309', 'ACTIVE'),
       ('8221454110055704', '8220695616314218', '8249621801620277', 'ACTIVE'),
       ('8221454110055705', '8220695616314218', '8249621801620310', 'ACTIVE'),
       ('8221454110055706', '8220695616314218', '8249621801620289', 'ACTIVE'),
       ('8221454110055707', '8220695616314218', '8249621801620312', 'ACTIVE'),
       ('8221454110055708', '8220695616314218', '8249621801620315', 'ACTIVE'),
       ('8221454110055709', '8220695616314218', '8249621801620200', 'ACTIVE'),
       ('8221454110055710', '8220695616314218', '8249621801620271', 'ACTIVE'),
       ('8221454110055711', '8220695616314218', '8249621801620353', 'ACTIVE'),
       ('8221454110055712', '8220695616314218', '8249621801620319', 'ACTIVE'),
       ('8221454110055713', '8220695616314218', '8249621801620376', 'ACTIVE'),
       ('8221454110055714', '8220695616314219', '8249621801620190', 'ACTIVE'),
       ('8221454110055715', '8220695616314219', '8249621801620366', 'ACTIVE'),
       ('8221454110055716', '8220695616314219', '8249621801620234', 'ACTIVE'),
       ('8221454110055717', '8220695616314219', '8249621801620328', 'ACTIVE'),
       ('8221454110055718', '8220695616314219', '8249621801620325', 'ACTIVE'),
       ('8221454110055719', '8220695616314219', '8249621801620324', 'ACTIVE'),
       ('8221454110055720', '8220695616314219', '8249621801620303', 'ACTIVE'),
       ('8221454110055721', '8220695616314219', '8249621801620202', 'ACTIVE'),
       ('8221454110055722', '8220695616314219', '8249621801620248', 'ACTIVE'),
       ('8221454110055723', '8220695616314219', '8249621801620279', 'ACTIVE'),
       ('8221454110055724', '8220695616314219', '8249621801620367', 'ACTIVE'),
       ('8221454110055725', '8220695616314219', '8249621801620264', 'ACTIVE'),
       ('8221454110055726', '8220695616314219', '8249621801620376', 'ACTIVE'),
       ('8221454110055727', '8220695616314219', '8249621801620314', 'ACTIVE'),
       ('8221454110055728', '8220695616314220', '8249621801620187', 'ACTIVE'),
       ('8221454110055729', '8220695616314220', '8249621801620316', 'ACTIVE'),
       ('8221454110055730', '8220695616314220', '8249621801620264', 'ACTIVE'),
       ('8221454110055731', '8220695616314220', '8249621801620234', 'ACTIVE'),
       ('8221454110055732', '8220695616314220', '8249621801620249', 'ACTIVE'),
       ('8221454110055733', '8220695616314220', '8249621801620277', 'ACTIVE'),
       ('8221454110055734', '8220695616314220', '8249621801620324', 'ACTIVE'),
       ('8221454110055735', '8220695616314220', '8249621801620248', 'ACTIVE'),
       ('8221454110055736', '8220695616314220', '8249621801620242', 'ACTIVE'),
       ('8221454110055737', '8220695616314220', '8249621801620314', 'ACTIVE'),
       ('8221454110055738', '8220695616314220', '8249621801620368', 'ACTIVE'),
       ('8221454110055739', '8220695616314220', '8249621801620317', 'ACTIVE'),
       ('8221454110055740', '8220695616314220', '8249621801620318', 'ACTIVE'),
       ('8221454110055741', '8220695616314220', '8249621801620376', 'ACTIVE'),
       ('8221454110055742', '8220695616314221', '8249621801620189', 'ACTIVE'),
       ('8221454110055743', '8220695616314221', '8249621801620236', 'ACTIVE'),
       ('8221454110055744', '8220695616314221', '8249621801620377', 'ACTIVE'),
       ('8221454110055745', '8220695616314221', '8249621801620242', 'ACTIVE'),
       ('8221454110055746', '8220695616314221', '8249621801620378', 'ACTIVE'),
       ('8221454110055747', '8220695616314221', '8249621801620314', 'ACTIVE'),
       ('8221454110055748', '8220695616314221', '8249621801620296', 'ACTIVE'),
       ('8221454110055749', '8220695616314221', '8249621801620279', 'ACTIVE'),
       ('8221454110055750', '8220695616314221', '8249621801620264', 'ACTIVE'),
       ('8221454110055751', '8220695616314221', '8249621801620270', 'ACTIVE'),
       ('8221454110055752', '8220695616314221', '8249621801620277', 'ACTIVE'),
       ('8221454110055753', '8220695616314221', '8249621801620286', 'ACTIVE'),
       ('8221454110055754', '8220695616314221', '8249621801620365', 'ACTIVE'),
       ('8221454110055755', '8220695616314222', '8249621801620187', 'ACTIVE'),
       ('8221454110055756', '8220695616314222', '8249621801620234', 'ACTIVE'),
       ('8221454110055757', '8220695616314222', '8249621801620243', 'ACTIVE'),
       ('8221454110055758', '8220695616314222', '8249621801620249', 'ACTIVE'),
       ('8221454110055759', '8220695616314222', '8249621801620363', 'ACTIVE'),
       ('8221454110055760', '8220695616314222', '8249621801620369', 'ACTIVE'),
       ('8221454110055761', '8220695616314222', '8249621801620200', 'ACTIVE'),
       ('8221454110055762', '8220695616314222', '8249621801620303', 'ACTIVE'),
       ('8221454110055763', '8220695616314222', '8249621801620295', 'ACTIVE'),
       ('8221454110055764', '8220695616314222', '8249621801620370', 'ACTIVE'),
       ('8221454110055765', '8220695616314222', '8249621801620314', 'ACTIVE'),
       ('8221454110055766', '8220695616314222', '8249621801620296', 'ACTIVE'),
       ('8221454110055767', '8220695616314222', '8249621801620264', 'ACTIVE'),
       ('8221454110055768', '8220695616314222', '8249621801620289', 'ACTIVE'),
       ('8221454110055769', '8220695616314223', '8249621801620186', 'ACTIVE'),
       ('8221454110055770', '8220695616314223', '8249621801620190', 'ACTIVE'),
       ('8221454110055771', '8220695616314223', '8249621801620353', 'ACTIVE'),
       ('8221454110055772', '8220695616314223', '8249621801620234', 'ACTIVE'),
       ('8221454110055773', '8220695616314223', '8249621801620238', 'ACTIVE'),
       ('8221454110055774', '8220695616314223', '8249621801620313', 'ACTIVE'),
       ('8221454110055775', '8220695616314223', '8249621801620239', 'ACTIVE'),
       ('8221454110055776', '8220695616314223', '8249621801620242', 'ACTIVE'),
       ('8221454110055777', '8220695616314223', '8249621801620371', 'ACTIVE'),
       ('8221454110055778', '8220695616314223', '8249621801620264', 'ACTIVE'),
       ('8221454110055779', '8220695616314223', '8249621801620379', 'ACTIVE'),
       ('8221454110055780', '8220695616314223', '8249621801620324', 'ACTIVE'),
       ('8221454110055781', '8220695616314223', '8249621801620277', 'ACTIVE'),
       ('8221454110055782', '8220695616314223', '8249621801620376', 'ACTIVE'),
       ('8221454110055783', '8220695616314223', '8249621801620358', 'ACTIVE'),
       ('8221454110055784', '8220695616314223', '8249621801620315', 'ACTIVE'),
       ('8221454110055785', '8220695616314223', '8249621801620314', 'ACTIVE'),
       ('8221454110055786', '8220695616314224', '8249621801620187', 'ACTIVE'),
       ('8221454110055787', '8220695616314224', '8249621801620190', 'ACTIVE'),
       ('8221454110055788', '8220695616314224', '8249621801620365', 'ACTIVE'),
       ('8221454110055789', '8220695616314224', '8249621801620333', 'ACTIVE'),
       ('8221454110055790', '8220695616314224', '8249621801620234', 'ACTIVE'),
       ('8221454110055791', '8220695616314224', '8249621801620271', 'ACTIVE'),
       ('8221454110055792', '8220695616314224', '8249621801620380', 'ACTIVE'),
       ('8221454110055793', '8220695616314224', '8249621801620324', 'ACTIVE'),
       ('8221454110055794', '8220695616314224', '8249621801620376', 'ACTIVE'),
       ('8221454110055795', '8220695616314224', '8249621801620340', 'ACTIVE'),
       ('8221454110055796', '8220695616314224', '8249621801620302', 'ACTIVE'),
       ('8221454110055797', '8220695616314225', '8249621801620187', 'ACTIVE'),
       ('8221454110055798', '8220695616314225', '8249621801620190', 'ACTIVE'),
       ('8221454110055799', '8220695616314225', '8249621801620318', 'ACTIVE'),
       ('8221454110055800', '8220695616314225', '8249621801620234', 'ACTIVE'),
       ('8221454110055801', '8220695616314225', '8249621801620249', 'ACTIVE'),
       ('8221454110055802', '8220695616314225', '8249621801620324', 'ACTIVE'),
       ('8221454110055803', '8220695616314225', '8249621801620203', 'ACTIVE'),
       ('8221454110055804', '8220695616314225', '8249621801620314', 'ACTIVE'),
       ('8221454110055805', '8220695616314225', '8249621801620318', 'ACTIVE'),
       ('8221454110055806', '8220695616314225', '8249621801620330', 'ACTIVE'),
       ('8221454110055807', '8220695616314225', '8249621801620277', 'ACTIVE'),
       ('8221454110055808', '8220695616314226', '8249621801620187', 'ACTIVE'),
       ('8221454110055809', '8220695616314226', '8249621801620234', 'ACTIVE'),
       ('8221454110055810', '8220695616314226', '8249621801620291', 'ACTIVE'),
       ('8221454110055811', '8220695616314226', '8249621801620200', 'ACTIVE'),
       ('8221454110055812', '8220695616314226', '8249621801620379', 'ACTIVE'),
       ('8221454110055813', '8220695616314226', '8249621801620315', 'ACTIVE'),
       ('8221454110055814', '8220695616314226', '8249621801620353', 'ACTIVE'),
       ('8221454110055815', '8220695616314226', '8249621801620381', 'ACTIVE'),
       ('8221454110055816', '8220695616314226', '8249621801620323', 'ACTIVE'),
       ('8221454110055817', '8220695616314226', '8249621801620331', 'ACTIVE'),
       ('8221454110055818', '8220695616314226', '8249621801620248', 'ACTIVE'),
       ('8221454110055819', '8220695616314226', '8249621801620367', 'ACTIVE'),
       ('8221454110055820', '8220695616314226', '8249621801620249', 'ACTIVE'),
       ('8221454110055821', '8220695616314226', '8249621801620376', 'ACTIVE'),
       ('8221454110055822', '8220695616314227', '8249621801620189', 'ACTIVE'),
       ('8221454110055823', '8220695616314227', '8249621801620190', 'ACTIVE'),
       ('8221454110055824', '8220695616314227', '8249621801620235', 'ACTIVE'),
       ('8221454110055825', '8220695616314227', '8249621801620325', 'ACTIVE'),
       ('8221454110055826', '8220695616314227', '8249621801620324', 'ACTIVE'),
       ('8221454110055827', '8220695616314227', '8249621801620295', 'ACTIVE'),
       ('8221454110055828', '8220695616314227', '8249621801620382', 'ACTIVE'),
       ('8221454110055829', '8220695616314227', '8249621801620327', 'ACTIVE'),
       ('8221454110055830', '8220695616314227', '8249621801620273', 'ACTIVE'),
       ('8221454110055831', '8220695616314227', '8249621801620307', 'ACTIVE'),
       ('8221454110055832', '8220695616314227', '8249621801620326', 'ACTIVE'),
       ('8221454110055833', '8220695616314227', '8249621801620239', 'ACTIVE'),
       ('8221454110055834', '8220695616314227', '8249621801620376', 'ACTIVE'),
       ('8221454110055835', '8220695616314228', '8249621801620187', 'ACTIVE'),
       ('8221454110055836', '8220695616314228', '8249621801620190', 'ACTIVE'),
       ('8221454110055837', '8220695616314228', '8249621801620193', 'ACTIVE'),
       ('8221454110055838', '8220695616314228', '8249621801620365', 'ACTIVE'),
       ('8221454110055839', '8220695616314228', '8249621801620234', 'ACTIVE'),
       ('8221454110055840', '8220695616314228', '8249621801620238', 'ACTIVE'),
       ('8221454110055841', '8220695616314228', '8249621801620329', 'ACTIVE'),
       ('8221454110055842', '8220695616314228', '8249621801620313', 'ACTIVE'),
       ('8221454110055843', '8220695616314228', '8249621801620330', 'ACTIVE'),
       ('8221454110055844', '8220695616314228', '8249621801620318', 'ACTIVE'),
       ('8221454110055845', '8220695616314228', '8249621801620277', 'ACTIVE'),
       ('8221454110055846', '8220695616314228', '8249621801620249', 'ACTIVE'),
       ('8221454110055847', '8220695616314228', '8249621801620331', 'ACTIVE'),
       ('8221454110055848', '8220695616314228', '8249621801620324', 'ACTIVE'),
       ('8221454110055849', '8220695616314228', '8249621801620328', 'ACTIVE'),
       ('8221454110055850', '8220695616314228', '8249621801620332', 'ACTIVE'),
       ('8221454110055851', '8220695616314228', '8249621801620247', 'ACTIVE'),
       ('8221454110055852', '8220695616314228', '8249621801620279', 'ACTIVE'),
       ('8221454110055853', '8220695616314228', '8249621801620321', 'ACTIVE'),
       ('8221454110055854', '8220695616314228', '8249621801620314', 'ACTIVE'),
       ('8221454110055855', '8220695616314228', '8249621801620366', 'ACTIVE'),
       ('8221454110055856', '8220695616314228', '8249621801620383', 'ACTIVE'),
       ('8221454110055857', '8220695616314228', '8249621801620325', 'ACTIVE'),
       ('8221454110055858', '8220695616314229', '8249621801620339', 'ACTIVE'),
       ('8221454110055859', '8220695616314229', '8249621801620252', 'ACTIVE'),
       ('8221454110055860', '8220695616314229', '8249621801620234', 'ACTIVE'),
       ('8221454110055861', '8220695616314229', '8249621801620187', 'ACTIVE'),
       ('8221454110055862', '8220695616314229', '8249621801620198', 'ACTIVE'),
       ('8221454110055863', '8220695616314230', '8249621801620187', 'ACTIVE'),
       ('8221454110055864', '8220695616314230', '8249621801620190', 'ACTIVE'),
       ('8221454110055865', '8220695616314230', '8249621801620203', 'ACTIVE'),
       ('8221454110055866', '8220695616314230', '8249621801620324', 'ACTIVE'),
       ('8221454110055867', '8220695616314230', '8249621801620376', 'ACTIVE'),
       ('8221454110055868', '8220695616314230', '8249621801620336', 'ACTIVE'),
       ('8221454110055869', '8220695616314230', '8249621801620314', 'ACTIVE'),
       ('8221454110055870', '8220695616314230', '8249621801620376', 'ACTIVE'),
       ('8221454110055871', '8220695616314230', '8249621801620264', 'ACTIVE'),
       ('8221454110055872', '8220695616314230', '8249621801620249', 'ACTIVE'),
       ('8221454110055873', '8220695616314230', '8249621801620277', 'ACTIVE'),
       ('8221454110055874', '8220695616314230', '8249621801620236', 'ACTIVE'),
       ('8221454110055875', '8220695616314230', '8249621801620234', 'ACTIVE'),
       ('8221454110055876', '8220695616314230', '8249621801620321', 'ACTIVE'),
       ('8221454110055877', '8220695616314230', '8249621801620277', 'ACTIVE'),
       ('8221454110055878', '8220695616314230', '8249621801620289', 'ACTIVE'),
       ('8221454110055879', '8220695616314231', '8249621801620186', 'ACTIVE'),
       ('8221454110055880', '8220695616314231', '8249621801620190', 'ACTIVE'),
       ('8221454110055881', '8220695616314231', '8249621801620233', 'ACTIVE'),
       ('8221454110055882', '8220695616314231', '8249621801620314', 'ACTIVE'),
       ('8221454110055883', '8220695616314231', '8249621801620250', 'ACTIVE'),
       ('8221454110055884', '8220695616314231', '8249621801620243', 'ACTIVE'),
       ('8221454110055885', '8220695616314231', '8249621801620320', 'ACTIVE'),
       ('8221454110055886', '8220695616314231', '8249621801620330', 'ACTIVE'),
       ('8221454110055887', '8220695616314231', '8249621801620295', 'ACTIVE'),
       ('8221454110055888', '8220695616314231', '8249621801620323', 'ACTIVE'),
       ('8221454110055889', '8220695616314231', '8249621801620279', 'ACTIVE'),
       ('8221454110055890', '8220695616314231', '8249621801620249', 'ACTIVE'),
       ('8221454110055891', '8220695616314231', '8249621801620324', 'ACTIVE'),
       ('8221454110055892', '8220695616314231', '8249621801620325', 'ACTIVE'),
       ('8221454110055893', '8220695616314231', '8249621801620277', 'ACTIVE'),
       ('8221454110055894', '8220695616314231', '8249621801620203', 'ACTIVE'),
       ('8221454110055895', '8220695616314231', '8249621801620316', 'ACTIVE'),
       ('8221454110055896', '8220695616314231', '8249621801620348', 'ACTIVE'),
       ('8221454110055897', '8220695616314231', '8249621801620385', 'ACTIVE'),
       ('8221454110055898', '8220695616314231', '8249621801620382', 'ACTIVE'),
       ('8221454110055899', '8220695616314231', '8249621801620376', 'ACTIVE'),
       ('8221454110055900', '8220695616314232', '8249621801620186', 'ACTIVE'),
       ('8221454110055901', '8220695616314232', '8249621801620234', 'ACTIVE'),
       ('8221454110055902', '8220695616314232', '8249621801620277', 'ACTIVE'),
       ('8221454110055903', '8220695616314232', '8249621801620303', 'ACTIVE'),
       ('8221454110055904', '8220695616314232', '8249621801620247', 'ACTIVE'),
       ('8221454110055905', '8220695616314232', '8249621801620279', 'ACTIVE'),
       ('8221454110055906', '8220695616314232', '8249621801620266', 'ACTIVE'),
       ('8221454110055907', '8220695616314232', '8249621801620314', 'ACTIVE'),
       ('8221454110055908', '8220695616314232', '8249621801620296', 'ACTIVE'),
       ('8221454110055909', '8220695616314232', '8249621801620386', 'ACTIVE'),
       ('8221454110055910', '8220695616314232', '8249621801620243', 'ACTIVE'),
       ('8221454110055911', '8220695616314233', '8249621801620187', 'ACTIVE'),
       ('8221454110055912', '8220695616314233', '8249621801620387', 'ACTIVE'),
       ('8221454110055913', '8220695616314233', '8249621801620235', 'ACTIVE'),
       ('8221454110055914', '8220695616314233', '8249621801620199', 'ACTIVE'),
       ('8221454110055915', '8220695616314233', '8249621801620190', 'ACTIVE'),
       ('8221454110055916', '8220695616314233', '8249621801620316', 'ACTIVE'),
       ('8221454110055917', '8220695616314233', '8249621801620264', 'ACTIVE'),
       ('8221454110055918', '8220695616314233', '8249621801620277', 'ACTIVE'),
       ('8221454110055919', '8220695616314233', '8249621801620376', 'ACTIVE'),
       ('8221454110055920', '8220695616314233', '8249621801620327', 'ACTIVE'),
       ('8221454110055921', '8220695616314234', '8249621801620187', 'ACTIVE'),
       ('8221454110055922', '8220695616314234', '8249621801620190', 'ACTIVE'),
       ('8221454110055923', '8220695616314234', '8249621801620192', 'ACTIVE'),
       ('8221454110055924', '8220695616314234', '8249621801620193', 'ACTIVE'),
       ('8221454110055925', '8220695616314234', '8249621801620234', 'ACTIVE'),
       ('8221454110055926', '8220695616314234', '8249621801620277', 'ACTIVE'),
       ('8221454110055927', '8220695616314234', '8249621801620271', 'ACTIVE'),
       ('8221454110055928', '8220695616314234', '8249621801620235', 'ACTIVE'),
       ('8221454110055929', '8220695616314234', '8249621801620202', 'ACTIVE'),
       ('8221454110055930', '8220695616314234', '8249621801620238', 'ACTIVE'),
       ('8221454110055931', '8220695616314234', '8249621801620318', 'ACTIVE'),
       ('8221454110055932', '8220695616314234', '8249621801620339', 'ACTIVE'),
       ('8221454110055933', '8220695616314234', '8249621801620344', 'ACTIVE'),
       ('8221454110055934', '8220695616314234', '8249621801620321', 'ACTIVE'),
       ('8221454110055935', '8220695616314234', '8249621801620372', 'ACTIVE'),
       ('8221454110055936', '8220695616314234', '8249621801620343', 'ACTIVE'),
       ('8221454110055937', '8220695616314234', '8249621801620249', 'ACTIVE'),
       ('8221454110055938', '8220695616314234', '8249621801620376', 'ACTIVE'),
       ('8221454110055939', '8220695616314235', '8249621801620187', 'ACTIVE'),
       ('8221454110055940', '8220695616314235', '8249621801620319', 'ACTIVE'),
       ('8221454110055941', '8220695616314235', '8249621801620234', 'ACTIVE'),
       ('8221454110055942', '8220695616314235', '8249621801620247', 'ACTIVE'),
       ('8221454110055943', '8220695616314235', '8249621801620248', 'ACTIVE'),
       ('8221454110055944', '8220695616314235', '8249621801620249', 'ACTIVE'),
       ('8221454110055945', '8220695616314235', '8249621801620277', 'ACTIVE'),
       ('8221454110055946', '8220695616314235', '8249621801620303', 'ACTIVE'),
       ('8221454110055947', '8220695616314235', '8249621801620271', 'ACTIVE'),
       ('8221454110055948', '8220695616314235', '8249621801620199', 'ACTIVE'),
       ('8221454110055949', '8220695616314235', '8249621801620314', 'ACTIVE'),
       ('8221454110055950', '8220695616314235', '8249621801620353', 'ACTIVE'),
       ('8221454110055951', '8220695616314235', '8249621801620289', 'ACTIVE'),
       ('8221454110055952', '8220695616314235', '8249621801620324', 'ACTIVE'),
       ('8221454110055953', '8220695616314235', '8249621801620316', 'ACTIVE'),
       ('8221454110055954', '8220695616314235', '8249621801620314', 'ACTIVE'),
       ('8221454110055955', '8220695616314235', '8249621801620327', 'ACTIVE'),
       ('8221454110055956', '8220695616314236', '8249621801620187', 'ACTIVE'),
       ('8221454110055957', '8220695616314236', '8249621801620190', 'ACTIVE'),
       ('8221454110055958', '8220695616314236', '8249621801620193', 'ACTIVE'),
       ('8221454110055959', '8220695616314236', '8249621801620234', 'ACTIVE'),
       ('8221454110055960', '8220695616314236', '8249621801620277', 'ACTIVE'),
       ('8221454110055961', '8220695616314236', '8249621801620202', 'ACTIVE'),
       ('8221454110055962', '8220695616314236', '8249621801620318', 'ACTIVE'),
       ('8221454110055963', '8220695616314236', '8249621801620388', 'ACTIVE'),
       ('8221454110055964', '8220695616314236', '8249621801620296', 'ACTIVE'),
       ('8221454110055965', '8220695616314236', '8249621801620324', 'ACTIVE'),
       ('8221454110055966', '8220695616314236', '8249621801620376', 'ACTIVE'),
       ('8221454110055967', '8220695616314236', '8249621801620334', 'ACTIVE'),
       ('8221454110055968', '8220695616314236', '8249621801620389', 'ACTIVE'),
       ('8221454110055969', '8220695616314237', '8249621801620186', 'ACTIVE'),
       ('8221454110055970', '8220695616314237', '8249621801620190', 'ACTIVE'),
       ('8221454110055971', '8220695616314237', '8249621801620314', 'ACTIVE'),
       ('8221454110055972', '8220695616314237', '8249621801620291', 'ACTIVE'),
       ('8221454110055973', '8220695616314237', '8249621801620249', 'ACTIVE'),
       ('8221454110055974', '8220695616314237', '8249621801620316', 'ACTIVE'),
       ('8221454110055975', '8220695616314237', '8249621801620348', 'ACTIVE'),
       ('8221454110055976', '8220695616314237', '8249621801620350', 'ACTIVE'),
       ('8221454110055977', '8220695616314237', '8249621801620349', 'ACTIVE'),
       ('8221454110055978', '8220695616314237', '8249621801620324', 'ACTIVE'),
       ('8221454110055979', '8220695616314237', '8249621801620330', 'ACTIVE'),
       ('8221454110055980', '8220695616314237', '8249621801620317', 'ACTIVE'),
       ('8221454110055981', '8220695616314237', '8249621801620320', 'ACTIVE'),
       ('8221454110055982', '8220695616314237', '8249621801620321', 'ACTIVE'),
       ('8221454110055983', '8220695616314237', '8249621801620373', 'ACTIVE'),
       ('8221454110055984', '8220695616314237', '8249621801620307', 'ACTIVE'),
       ('8221454110055985', '8220695616314237', '8249621801620289', 'ACTIVE'),
       ('8221454110055986', '8220695616314238', '8249621801620187', 'ACTIVE'),
       ('8221454110055987', '8220695616314238', '8249621801620190', 'ACTIVE'),
       ('8221454110055988', '8220695616314238', '8249621801620277', 'ACTIVE'),
       ('8221454110055989', '8220695616314238', '8249621801620390', 'ACTIVE'),
       ('8221454110055990', '8220695616314238', '8249621801620266', 'ACTIVE'),
       ('8221454110055991', '8220695616314238', '8249621801620251', 'ACTIVE'),
       ('8221454110055992', '8220695616314238', '8249621801620324', 'ACTIVE'),
       ('8221454110055993', '8220695616314238', '8249621801620296', 'ACTIVE'),
       ('8221454110055994', '8220695616314238', '8249621801620376', 'ACTIVE'),
       ('8221454110055995', '8220695616314238', '8249621801620249', 'ACTIVE'),
       ('8221454110055996', '8220695616314238', '8249621801620234', 'ACTIVE'),
       ('8221454110055997', '8220695616314238', '8249621801620376', 'ACTIVE'),
       ('8221454110055998', '8220695616314238', '8249621801620364', 'ACTIVE'),
       ('8221454110055999', '8220695616314239', '8249621801620187', 'ACTIVE'),
       ('8221454110056000', '8220695616314239', '8249621801620234', 'ACTIVE'),
       ('8221454110056001', '8220695616314239', '8249621801620339', 'ACTIVE'),
       ('8221454110056002', '8220695616314239', '8249621801620252', 'ACTIVE'),
       ('8221454110056003', '8220695616314239', '8249621801620202', 'ACTIVE'),
       ('8221454110056004', '8220695616314240', '8249621801620186', 'ACTIVE'),
       ('8221454110056005', '8220695616314240', '8249621801620190', 'ACTIVE'),
       ('8221454110056006', '8220695616314240', '8249621801620196', 'ACTIVE'),
       ('8221454110056007', '8220695616314240', '8249621801620194', 'ACTIVE'),
       ('8221454110056008', '8220695616314240', '8249621801620233', 'ACTIVE'),
       ('8221454110056009', '8220695616314240', '8249621801620391', 'ACTIVE'),
       ('8221454110056010', '8220695616314240', '8249621801620309', 'ACTIVE'),
       ('8221454110056011', '8220695616314240', '8249621801620316', 'ACTIVE'),
       ('8221454110056012', '8220695616314240', '8249621801620324', 'ACTIVE'),
       ('8221454110056013', '8220695616314240', '8249621801620378', 'ACTIVE'),
       ('8221454110056014', '8220695616314240', '8249621801620361', 'ACTIVE'),
       ('8221454110056015', '8220695616314240', '8249621801620264', 'ACTIVE'),
       ('8221454110056016', '8220695616314240', '8249621801620392', 'ACTIVE'),
       ('8221454110056017', '8220695616314240', '8249621801620251', 'ACTIVE'),
       ('8221454110056018', '8220695616314240', '8249621801620321', 'ACTIVE'),
       ('8221454110056019', '8220695616314240', '8249621801620393', 'ACTIVE'),
       ('8221454110056020', '8220695616314241', '8249621801620187', 'ACTIVE'),
       ('8221454110056021', '8220695616314241', '8249621801620366', 'ACTIVE'),
       ('8221454110056022', '8220695616314241', '8249621801620325', 'ACTIVE'),
       ('8221454110056023', '8220695616314241', '8249621801620238', 'ACTIVE'),
       ('8221454110056024', '8220695616314241', '8249621801620277', 'ACTIVE'),
       ('8221454110056025', '8220695616314241', '8249621801620314', 'ACTIVE'),
       ('8221454110056026', '8220695616314241', '8249621801620376', 'ACTIVE'),
       ('8221454110056027', '8220695616314241', '8249621801620336', 'ACTIVE'),
       ('8221454110056028', '8220695616314241', '8249621801620374', 'ACTIVE'),
       ('8221454110056029', '8220695616314241', '8249621801620343', 'ACTIVE'),
       ('8221454110056030', '8220695616314241', '8249621801620202', 'ACTIVE');

INSERT INTO tag_category (id, tag_id, category)
VALUES ('8250017681003021', '8249621801620233', 'RED_MEAT'),
       ('8250017681003022', '8249621801620234', 'RED_MEAT'),
       ('8250017681003023', '8249621801620235', 'POULTRY'),
       ('8250017681003024', '8249621801620236', 'FISH'),
       ('8250017681003025', '8249621801620237', 'SHELLFISH'),
       ('8250017681003026', '8249621801620238', 'SHELLFISH'),
       ('8250017681003027', '8249621801620239', 'SHELLFISH'),
       ('8250017681003028', '8249621801620240', 'POULTRY'),
       ('8250017681003029', '8249621801620241', 'POULTRY'),
       ('8250017681003030', '8249621801620242', 'VEGETABLE'),
       ('8250017681003031', '8249621801620243', 'VEGETABLE'),
       ('8250017681003032', '8249621801620244', 'VEGETABLE'),
       ('8250017681003033', '8249621801620245', 'VEGETABLE'),
       ('8250017681003034', '8249621801620246', 'VEGETABLE'),
       ('8250017681003035', '8249621801620247', 'VEGETABLE'),
       ('8250017681003036', '8249621801620248', 'VEGETABLE'),
       ('8250017681003037', '8249621801620249', 'VEGETABLE'),
       ('8250017681003038', '8249621801620250', 'STARCHY_VEGETABLE'),
       ('8250017681003039', '8249621801620251', 'STARCHY_VEGETABLE'),
       ('8250017681003040', '8249621801620252', 'STARCHY_VEGETABLE'),
       ('8250017681003041', '8249621801620253', 'STARCHY_VEGETABLE'),
       ('8250017681003042', '8249621801620254', 'STARCHY_VEGETABLE'),
       ('8250017681003043', '8249621801620255', 'VEGETABLE'),
       ('8250017681003044', '8249621801620256', 'VEGETABLE'),
       ('8250017681003045', '8249621801620257', 'VEGETABLE'),
       ('8250017681003046', '8249621801620258', 'VEGETABLE'),
       ('8250017681003047', '8249621801620259', 'VEGETABLE'),
       ('8250017681003048', '8249621801620260', 'VEGETABLE'),
       ('8250017681003049', '8249621801620261', 'VEGETABLE'),
       ('8250017681003050', '8249621801620262', 'VEGETABLE'),
       ('8250017681003051', '8249621801620263', 'VEGETABLE'),
       ('8250017681003052', '8249621801620264', 'VEGETABLE'),
       ('8250017681003053', '8249621801620265', 'VEGETABLE'),
       ('8250017681003054', '8249621801620266', 'VEGETABLE'),
       ('8250017681003055', '8249621801620267', 'VEGETABLE'),
       ('8250017681003056', '8249621801620268', 'MUSHROOM'),
       ('8250017681003057', '8249621801620269', 'STARCHY_VEGETABLE'),
       ('8250017681003058', '8249621801620270', 'LEGUMES'),
       ('8250017681003059', '8249621801620271', 'LEGUMES'),
       ('8250017681003060', '8249621801620272', 'STARCHY_VEGETABLE'),
       ('8250017681003061', '8249621801620273', 'VEGETABLE'),
       ('8250017681003062', '8249621801620274', 'VEGETABLE'),
       ('8250017681003063', '8249621801620275', 'VEGETABLE'),
       ('8250017681003064', '8249621801620276', 'LEGUMES'),
       ('8250017681003065', '8249621801620277', 'VEGETABLE'),
       ('8250017681003066', '8249621801620278', 'VEGETABLE'),
       ('8250017681003067', '8249621801620279', 'VEGETABLE'),
       ('8250017681003068', '8249621801620280', 'INTESTINE'),
       ('8250017681003069', '8249621801620281', 'VEGETABLE'),
       ('8250017681003070', '8249621801620282', 'VEGETABLE'),
       ('8250017681003071', '8249621801620283', 'VEGETABLE'),
       ('8250017681003072', '8249621801620284', 'VEGETABLE'),
       ('8250017681003073', '8249621801620285', 'VEGETABLE'),
       ('8250017681003074', '8249621801620286', 'VEGETABLE'),
       ('8250017681003075', '8249621801620287', 'NUTS'),
       ('8250017681003076', '8249621801620288', 'NUTS'),
       ('8250017681003077', '8249621801620289', 'VEGETABLE'),
       ('8250017681003078', '8249621801620290', 'VEGETABLE'),
       ('8250017681003079', '8249621801620291', 'VEGETABLE'),
       ('8250017681003080', '8249621801620292', 'ALGAE'),
       ('8250017681003081', '8249621801620293', 'VEGETABLE'),
       ('8250017681003082', '8249621801620294', 'VEGETABLE'),
       ('8250017681003083', '8249621801620295', 'VEGETABLE'),
       ('8250017681003084', '8249621801620296', 'VEGETABLE'),
       ('8250017681003085', '8249621801620297', 'CONDIMENT'),
       ('8250017681003086', '8249621801620298', 'VEGETABLE'),
       ('8250017681003087', '8249621801620299', 'VEGETABLE'),
       ('8250017681003088', '8249621801620300', 'VEGETABLE'),
       ('8250017681003089', '8249621801620301', 'GLUTEN'),
       ('8250017681003090', '8249621801620302', 'CONDIMENT'),
       ('8250017681003091', '8249621801620303', 'VEGETABLE'),
       ('8250017681003092', '8249621801620304', 'FISH'),
       ('8250017681003093', '8249621801620305', 'VEGETABLE'),
       ('8250017681003094', '8249621801620306', 'SAUCE'),
       ('8250017681003095', '8249621801620307', 'SAUCE'),
       ('8250017681003096', '8249621801620308', 'CONDIMENT'),
       ('8250017681003097', '8249621801620309', 'VEGETABLE'),
       ('8250017681003098', '8249621801620310', 'VEGETABLE'),
       ('8250017681003099', '8249621801620311', 'GLUTEN'),
       ('8250017681003100', '8249621801620312', 'CONDIMENT'),
       ('8250017681003101', '8249621801620313', 'FISH'),
       ('8250017681003102', '8249621801620314', 'SAUCE'),
       ('8250017681003103', '8249621801620315', 'CONDIMENT'),
       ('8250017681003104', '8249621801620316', 'VEGETABLE'),
       ('8250017681003105', '8249621801620317', 'SPICES'),
       ('8250017681003106', '8249621801620318', 'EGG'),
       ('8250017681003107', '8249621801620319', 'VEGETABLE'),
       ('8250017681003108', '8249621801620320', 'SPICES'),
       ('8250017681003109', '8249621801620321', 'BEVERAGE'),
       ('8250017681003110', '8249621801620322', 'SAUCE'),
       ('8250017681003111', '8249621801620323', 'VEGETABLE'),
       ('8250017681003112', '8249621801620324', 'VEGETABLE'),
       ('8250017681003113', '8249621801620325', 'STARCH'),
       ('8250017681003114', '8249621801620326', 'EGG'),
       ('8250017681003115', '8249621801620327', 'OIL'),
       ('8250017681003116', '8249621801620327', 'NUTS'),
       ('8250017681003117', '8249621801620328', 'MUSHROOM'),
       ('8250017681003118', '8249621801620329', 'SPICES'),
       ('8250017681003119', '8249621801620330', 'BEVERAGE'),
       ('8250017681003120', '8249621801620331', 'VEGETABLE'),
       ('8250017681003121', '8249621801620332', 'VEGETABLE'),
       ('8250017681003122', '8249621801620333', 'SHELLFISH'),
       ('8250017681003123', '8249621801620334', 'SAUCE'),
       ('8250017681003124', '8249621801620335', 'SAUCE'),
       ('8250017681003125', '8249621801620336', 'CONDIMENT'),
       ('8250017681003126', '8249621801620337', 'STARCHY_VEGETABLE'),
       ('8250017681003127', '8249621801620338', 'LEAVENING_AGENT'),
       ('8250017681003128', '8249621801620339', 'STARCH'),
       ('8250017681003129', '8249621801620340', 'CONDIMENT'),
       ('8250017681003130', '8249621801620341', 'LEGUMES'),
       ('8250017681003131', '8249621801620342', 'SHELLFISH'),
       ('8250017681003132', '8249621801620343', 'VEGETABLE'),
       ('8250017681003133', '8249621801620344', 'RED_MEAT'),
       ('8250017681003134', '8249621801620345', 'SHELLFISH'),
       ('8250017681003135', '8249621801620346', 'POULTRY'),
       ('8250017681003136', '8249621801620347', 'STARCH'),
       ('8250017681003137', '8249621801620348', 'VEGETABLE'),
       ('8250017681003138', '8249621801620349', 'VEGETABLE'),
       ('8250017681003139', '8249621801620350', 'VEGETABLE'),
       ('8250017681003140', '8249621801620351', 'VEGETABLE'),
       ('8250017681003141', '8249621801620352', 'NUTS'),
       ('8250017681003142', '8249621801620353', 'STARCH'),
       ('8250017681003143', '8249621801620354', 'CONDIMENT'),
       ('8250017681003144', '8249621801620355', 'GLUTEN'),
       ('8250017681003145', '8249621801620356', 'CONDIMENT'),
       ('8250017681003146', '8249621801620357', 'STARCH'),
       ('8250017681003147', '8249621801620358', 'OIL'),
       ('8250017681003148', '8249621801620358', 'NUTS'),
       ('8250017681003149', '8249621801620359', 'VEGETABLE'),
       ('8250017681003150', '8249621801620360', 'STARCH'),
       ('8250017681003151', '8249621801620361', 'MUSHROOM'),
       ('8250017681003152', '8249621801620362', 'BEVERAGE'),
       ('8250017681003153', '8249621801620363', 'STARCH'),
       ('8250017681003154', '8249621801620364', 'STARCH'),
       ('8250017681003155', '8249621801620365', 'STARCH'),
       ('8250017681003156', '8249621801620366', 'STARCH'),
       ('8250017681003157', '8249621801620367', 'VEGETABLE'),
       ('8250017681003158', '8249621801620368', 'STARCH'),
       ('8250017681003159', '8249621801620369', 'STARCH'),
       ('8250017681003160', '8249621801620370', 'MUSHROOM'),
       ('8250017681003161', '8249621801620371', 'EGG'),
       ('8250017681003162', '8249621801620380', 'VEGETABLE'),
       ('8250017681003163', '8249621801620381', 'VEGETABLE'),
       ('8250017681003164', '8249621801620382', 'BEVERAGE'),
       ('8250017681003165', '8249621801620383', 'GLUTEN'),
       ('8250017681003166', '8249621801620394', 'GLUTEN'),
       ('8250017681003167', '8249621801620386', 'STARCH'),
       ('8250017681003168', '8249621801620387', 'VEGETABLE'),
       ('8250017681003169', '8249621801620388', 'GLUTEN'),
       ('8250017681003170', '8249621801620389', 'DAIRY'),
       ('8250017681003171', '8249621801620390', 'STARCH'),
       ('8250017681003172', '8249621801620391', 'BROTH'),
       ('8250017681003173', '8249621801620391', 'POULTRY'),
       ('8250017681003174', '8249621801620378', 'VEGETABLE'),
       ('8250017681003175', '8249621801620392', 'VEGETABLE'),
       ('8250017681003176', '8249621801620393', 'VEGETABLE'),
       ('8250017681003177', '8249621801620375', 'VEGETABLE'),
       ('8250017681003178', '8249621801620376', 'OIL'),
       ('8250017681003179', '8249621801620377', 'VEGETABLE'),
       ('8250017681003180', '8249621801620378', 'CONDIMENT'),
       ('8250017681003181', '8249621801620379', 'SOY'),
       ('8250017681003182', '8249621801620385', 'NUTS');